–ù–∞–∑–≤–∞–Ω–∏–µ –°–ú–ò;–°—Å—ã–ª–∫–∞
Nexta live;https://t.me/nexta_live
RESSENTIMENT;https://t.me/ressentiment_channel
–ü–∏–≤–æ–≤–∞—Ä–æ–≤ (–†–µ–¥–∞–∫—Ü–∏—è);https://t.me/redakciya_channel
Varlamov News;https://t.me/varlamov_news
–ú–µ–¥—É–∑–∞ ‚Äî LIVE;https://t.me/meduzalive
–°–ò–õ–û–í–ò–ö–ò üá∑üá∫;https://t.me/SIL0VIKI
–ü–æ—Å—Ç–æ–≤–æ–π;https://t.me/Postovo
–ú–∏–ª–∏—Ç–∞—Ä–∏—Å—Ç;https://t.me/infantmilitario
brief ¬ÆÔ∏è–Ω–µ–∑—ã–≥–∞—Ä—å;https://t.me/russicabrief
–†–∞–Ω—å—à–µ –≤—Å–µ—Ö. –ù—É –ø–æ—á—Ç–∏.;https://t.me/bbbreaking
moloko plus;https://t.me/moloko_plus
–ß–∞–π –∑ –º–∞–ª–∏–Ω–∞–≤—ã–º –≤–∞—Ä—ç–Ω–Ω–µ–º;https://t.me/belteanews
–ö—Ä–æ–≤–∞–≤–∞—è –±–∞—Ä—ã–Ω—è;https://t.me/bloodysx
–û—Å—Ç–æ—Ä–æ–∂–Ω–æ, –Ω–æ–≤–æ—Å—Ç–∏;https://t.me/ostorozhno_novosti
–•—É–µ–≤—ã–π –•–∞—Ä—å–∫–æ–≤ üá∫üá¶;https://t.me/hueviykharkov
–ë–µ—Å–ø–æ—â–∞–¥–Ω—ã–π –ø–∏–∞—Ä—â–∏–∫;https://t.me/prbezposhady
Baza;https://t.me/bazabazon
Mash;https://t.me/breakingmash
–†–æ—Å—Å–∏—è –≤ –≥–ª–æ–±–∞–ª—å–Ω–æ–π –ø–æ–ª–∏—Ç–∏–∫–µ;https://t.me/ru_global
–†–æ—Å—Å–∏—è —Å–µ–π—á–∞—Å;https://t.me/donbass_novosti_peregovori
–•—Ç–æ–Ω—å;https://t.me/vasilev_news
–ù—å—é—Å–∞—á/–î–≤–∞—á;https://t.me/ru2ch_news
RT –Ω–∞ —Ä—É—Å—Å–∫–æ–º;https://t.me/rt_russian
–ü—É–ª –ü–µ—Ä–≤–æ–≥–æ;https://t.me/pul_1
–ü–æ–¥—ä—ë–º;https://t.me/pdmnews
–î–º–∏—Ç—Ä–∏–π –ì–æ—Ä–¥–æ–Ω;https://t.me/dmytrogordon_official
–ì–û–†–î–û–ù;https://t.me/gordonuacom
–ù–µ—Å–µ–º–æ—Å—å!;https://t.me/Katimsya
–°–µ–≥–æ–¥–Ω—è;https://t.me/Segodnya_life
–ì–û–ù–ß–ê–†–ï–ù–ö–û;https://t.me/oleksiihoncharenko
–ò–Ω—Å–∞–π–¥–µ—Ä –£–∫—Ä–∞–∏–Ω–∞ –ù–æ–≤–æ—Å—Ç–∏ –í–æ–π–Ω–∞;https://t.me/insiderUKR
–ö–∞—Ä–∞—É–ª—å–Ω—ã–π Z;https://t.me/karaulny
Sputnik –ë–ª–∏–∂–Ω–µ–µ –∑–∞—Ä—É–±–µ–∂—å–µ;https://t.me/sputniklive
–¢–µ–ª–µ–∫–∞–Ω–∞–ª –î–æ–∂–¥—å;https://t.me/tvrain
–ú–µ–¥–∏–∞–∑–æ–Ω–∞;https://t.me/mediazzzona
–£–ù–ò–ê–ù - –Ω–æ–≤–æ—Å—Ç–∏ –£–∫—Ä–∞–∏–Ω—ã | –Ω–æ–≤–∏–Ω–∏ –£–∫—Ä–∞—ó–Ω–∏ | Ukraine news;https://t.me/uniannet
–ì–ª–∞–≤—Ä–µ–¥ - –ù–æ–≤–æ—Å—Ç–∏ –£–∫—Ä–∞–∏–Ω—ã | –í–æ–π–Ω–∞ —Å –†–æ—Å—Å–∏–µ–π;https://t.me/glavredinfo
REVERSE SIDE OF Z MEDAL;https://t.me/grey_zone
–¢–æ–≤–∞—Ä–∏—â Z –º–∞–π–æ—Ä;https://t.me/MayorFSB
–û–ü–ï–† –°–ª–∏–ª;https://t.me/operdrain
–®–ø–∏–æ–Ω, –∫–æ—Ç–æ—Ä–æ–º—É –Ω–∏–∫—Ç–æ –Ω–µ –ø–∏—à–µ—Ç;https://t.me/genshab
–ö–æ–Ω—Ç–æ—Ä–∞ –ü–∏—à–µ—Ç;https://t.me/Contora_Pishet
–†–ò–ê –ù–æ–≤–æ—Å—Ç–∏;https://t.me/rian_ru
–ñ—ë–ª—Ç—ã–µ –°–õ–ò–í–´;https://t.me/zheltyeslivy